city,Blinkit,Swiggy Instamart,Zepto,total_stores,district_key,urban_population,households,literacy_rate,service_workers,avg_household_size,opportunity_score,blinkit_opp_score,swiggy_instamart_opp_score,zepto_opp_score
Delhi/NCR,340.0,135.0,235.0,710.0,NEW DELHI,142004.0,33208.0,80.41,55206.0,4.28,38,78,196,113
Bengaluru,151.0,105.0,159.0,415.0,BANGALORE,8749944.0,2180638.0,78.97,3348609.0,4.01,4140,11329,16246,10763
Mumbai,108.0,58.0,119.0,285.0,MUMBAI,3085411.0,674339.0,81.32,1159502.0,4.58,1917,5031,9294,4570
Hyderabad,72.0,57.0,112.0,241.0,HYDERABAD,3943323.0,849051.0,73.34,1032137.0,4.64,2573,8530,10736,5511
Pune,72.0,37.0,54.0,163.0,PUNE,5751182.0,1371531.0,79.11,1975942.0,4.19,6616,14863,28553,19728
Chennai,23.0,30.0,83.0,136.0,CHENNAI,4646732.0,1154982.0,81.27,1569950.0,4.02,6851,39111,30279,11174
Kolkata,57.0,33.0,42.0,132.0,KOLKATA,4496694.0,1024928.0,79.8,1506640.0,4.39,6150,14102,24056,19021
Lucknow,48.0,16.0,30.0,94.0,LUCKNOW,3038996.0,577510.0,73.26,733138.0,5.26,4454,8634,24887,13648
Ahmedabad,48.0,18.0,21.0,87.0,AHMADABAD,6063047.0,1281652.0,78.06,1873873.0,4.73,11369,20418,52656,45475
Jaipur,38.0,16.0,19.0,73.0,JAIPUR,3471847.0,669293.0,71.82,938758.0,5.19,6496,12325,28276,24034
SAS Nagar,23.0,10.0,12.0,45.0,S.A.S. NAGAR,0.0,,0.0,,,0,0,0,0
Indore,19.0,8.0,9.0,36.0,INDORE,2427709.0,490140.0,74.56,754986.0,4.95,9877,18272,40605,36545
Nagpur,18.0,7.0,10.0,35.0,NAGPUR,3178759.0,701547.0,81.82,944537.0,4.53,15945,30211,71751,52182
Surat,10.0,6.0,13.0,29.0,SURAT,4849213.0,1063520.0,76.94,1823929.0,4.56,27276,74388,116896,58448
Chandigarh,18.0,5.0,4.0,27.0,CHANDIGARH,1026459.0,234033.0,76.52,367106.0,4.39,6396,9425,29847,35816
Ludhiana,15.0,5.0,7.0,27.0,LUDHIANA,2069708.0,436030.0,75.28,624279.0,4.75,11723,20515,54707,41030
Bhopal,17.0,8.0,0.0,25.0,BHOPAL,1917051.0,408747.0,73.34,543691.0,4.69,11530,16654,33308,299775
Dehradun,9.0,5.0,9.0,23.0,DEHRADUN,941941.0,202889.0,78.74,265303.0,4.64,6656,15975,26626,15975
Kanpur,10.0,2.0,10.0,22.0,KANPUR,0.0,,0.0,,,0,0,0,0
Mysuru,6.0,7.0,8.0,21.0,MYSORE,1245413.0,294016.0,77.69,386451.0,4.24,10383,32632,28553,25380
Raipur,14.0,7.0,0.0,21.0,RAIPUR,1483289.0,315647.0,73.08,434799.0,4.7,10485,15378,28834,230675
Vadodara,15.0,5.0,0.0,20.0,VADODARA,2065771.0,459506.0,80.57,611584.0,4.5,17630,23139,61704,370224
Bhubaneswar,8.0,11.0,0.0,19.0,BHUBANESWAR,0.0,,0.0,,,0,0,0,0
Patna,13.0,6.0,0.0,19.0,PATNA,2514590.0,429424.0,70.36,512270.0,5.86,15107,21582,43163,302143
Nashik,7.0,4.0,8.0,19.0,NASHIK,2597373.0,545577.0,77.73,756974.0,4.76,21204,53010,84815,47120
Prayagraj,8.0,3.0,6.0,17.0,ALLAHABAD,1472873.0,255722.0,73.38,302680.0,5.76,10425,20850,46912,26807
Jalandhar,9.0,2.0,6.0,17.0,JALANDHAR,1161171.0,247953.0,77.03,359812.0,4.68,10611,19100,63666,27285
Meerut,9.0,3.0,4.0,16.0,MEERUT,1759182.0,307431.0,64.74,395391.0,5.72,11708,19903,49758,39806
Loni,11.0,5.0,0.0,16.0,LONI,0.0,,0.0,,,0,0,0,0
Varanasi,8.0,5.0,3.0,16.0,VARANASI,1597051.0,253184.0,69.04,322197.0,6.31,10282,19422,29133,43700
Coimbatore,5.0,3.0,7.0,15.0,COIMBATORE,2618940.0,715878.0,79.46,931152.0,3.66,35552,94806,142209,71105
Siliguri,10.0,5.0,0.0,15.0,SILIGURI,0.0,,0.0,,,0,0,0,0
Anekal,7.0,7.0,0.0,14.0,ANEKAL,0.0,,0.0,,,0,0,0,0
Udaipur,7.0,3.0,4.0,14.0,UDAIPUR,608426.0,127558.0,77.87,175594.0,4.77,6622,12416,24832,19866
Ranchi,10.0,4.0,0.0,14.0,RANCHI,1257335.0,243209.0,76.19,304594.0,5.17,12353,16846,37060,185301
Vengavasal,6.0,8.0,0.0,14.0,VENGAVASAL,0.0,,0.0,,,0,0,0,0
Gorakhpur,8.0,3.0,3.0,14.0,GORAKHPUR,836129.0,137961.0,73.4,165975.0,6.06,6751,11251,25316,25316
Amritsar,8.0,2.0,3.0,13.0,AMRITSAR,1334611.0,273905.0,74.58,400266.0,4.87,14591,22698,68093,51070
Artist Village,6.0,7.0,0.0,13.0,ARTIST VILLAGE,0.0,,0.0,,,0,0,0,0
Rajkot,7.0,4.0,2.0,13.0,RAJKOT,2214050.0,471625.0,75.93,670294.0,4.69,25579,44763,71621,119368
Thiruvananthapuram,2.0,11.0,0.0,13.0,THIRUVANANTHAPURAM,1771596.0,446914.0,85.68,488895.0,3.96,27351,127639,31910,382916
Malkajgiri,6.0,7.0,0.0,13.0,MALKAJGIRI,0.0,,0.0,,,0,0,0,0
Agra,7.0,2.0,4.0,13.0,AGRA,2024195.0,338775.0,63.21,435081.0,5.98,15296,26767,71380,42828
Basi,9.0,3.0,0.0,12.0,BASI,0.0,,0.0,,,0,0,0,0
Jamshedpur,8.0,4.0,0.0,12.0,JAMSHEDPUR,0.0,,0.0,,,0,0,0,0
Dombivli,6.0,6.0,0.0,12.0,DOMBIVLI,0.0,,0.0,,,0,0,0,0
Vijayawada,3.0,3.0,6.0,12.0,KRISHNA,1843660.0,489371.0,73.34,513849.0,3.77,27608,89726,89726,51272
Nawabganj,10.0,2.0,0.0,12.0,NAWABGANJ,0.0,,0.0,,,0,0,0,0
Bareilly,5.0,2.0,4.0,11.0,BAREILLY,1568409.0,275745.0,54.78,299063.0,5.69,12588,25176,50351,30211
Dispur,7.0,4.0,0.0,11.0,DISPUR,0.0,,0.0,,,0,0,0,0
Kota,5.0,3.0,3.0,11.0,KOTA,1176604.0,245150.0,71.56,314050.0,4.8,14619,29238,43857,43857
Patiala,4.0,3.0,3.0,10.0,PATIALA,763280.0,158036.0,75.72,227160.0,4.83,10879,23933,29916,29916
Guwahati,7.0,3.0,0.0,10.0,GUWAHATI,0.0,,0.0,,,0,0,0,0
Jabalpur,7.0,3.0,0.0,10.0,JABALPUR,1440034.0,301662.0,77.68,394937.0,4.77,21303,29291,58583,234331
Cochin,5.0,5.0,0.0,10.0,COCHIN,0.0,,0.0,,,0,0,0,0
Warangal,3.0,4.0,3.0,10.0,WARANGAL,992333.0,241082.0,73.32,262216.0,4.12,16069,44190,35352,44190
Aurangabad,7.0,3.0,0.0,10.0,AURANGABAD,236854.0,36862.0,66.69,36808.0,6.43,2235,3073,6146,24583
Aurangabad,7.0,3.0,0.0,10.0,AURANGABAD,1620170.0,330965.0,74.71,435943.0,4.9,22479,30908,61816,247264
Kochi,0.0,0.0,10.0,10.0,KOCHI,0.0,,0.0,,,0,0,0,0
Gaddi Annaram,4.0,5.0,0.0,9.0,GADDI ANNARAM,0.0,,0.0,,,0,0,0,0
Panipat,4.0,3.0,2.0,9.0,PANIPAT,555085.0,113764.0,69.12,155698.0,4.88,7863,15727,19658,26211
Airoli,6.0,3.0,0.0,9.0,AIROLI,0.0,,0.0,,,0,0,0,0
Guntur,3.0,4.0,2.0,9.0,GUNTUR,1652738.0,419145.0,70.34,462678.0,3.94,29483,73707,58965,98276
Lal Bahadur Nagar,4.0,5.0,0.0,9.0,LAL BAHADUR NAGAR,0.0,,0.0,,,0,0,0,0
Elur,2.0,7.0,0.0,9.0,ELUR,0.0,,0.0,,,0,0,0,0
Jammu,8.0,0.0,0.0,8.0,JAMMU,765013.0,154908.0,80.03,231786.0,4.94,13775,13775,123973,123973
Panvel,4.0,4.0,0.0,8.0,PANVEL,0.0,,0.0,,,0,0,0,0
Kalyan,6.0,2.0,0.0,8.0,KALYAN,0.0,,0.0,,,0,0,0,0
Shivaji Nagar,5.0,3.0,0.0,8.0,SHIVAJI NAGAR,0.0,,0.0,,,0,0,0,0
Rohtak,6.0,2.0,0.0,8.0,ROHTAK,446164.0,89538.0,75.07,112814.0,4.98,7468,9602,22405,67216
Yanamalakuduru,4.0,4.0,0.0,8.0,YANAMALAKUDURU,0.0,,0.0,,,0,0,0,0
Trichur,2.0,6.0,0.0,8.0,TRICHUR,0.0,,0.0,,,0,0,0,0
Uppal Kalan,4.0,4.0,0.0,8.0,UPPAL KALAN,0.0,,0.0,,,0,0,0,0
Madurai,1.0,3.0,4.0,8.0,MADURAI,1846801.0,479851.0,80.43,599459.0,3.85,42883,192972,96486,77189
Aligarh,5.0,3.0,0.0,8.0,ALIGARH,1217191.0,204337.0,58.3,246270.0,5.96,13236,19855,29782,119128
Aluva,2.0,6.0,0.0,8.0,ALUVA,0.0,,0.0,,,0,0,0,0
Alipur,6.0,1.0,0.0,7.0,ALIPUR,0.0,,0.0,,,0,0,0,0
Khadki,4.0,3.0,0.0,7.0,KHADKI,0.0,,0.0,,,0,0,0,0
Poonamalle,3.0,4.0,0.0,7.0,POONAMALLE,0.0,,0.0,,,0,0,0,0
Hosur,5.0,1.0,1.0,7.0,HOSUR,0.0,,0.0,,,0,0,0,0
Yarada,5.0,2.0,0.0,7.0,YARADA,0.0,,0.0,,,0,0,0,0
Haridwar,5.0,0.0,2.0,7.0,HARIDWAR,0.0,,0.0,,,0,0,0,0
Gandhi Nagar,4.0,3.0,0.0,7.0,GANDHI NAGAR,0.0,,0.0,,,0,0,0,0
Danapur,5.0,2.0,0.0,7.0,DANAPUR,0.0,,0.0,,,0,0,0,0
Haora,5.0,1.0,0.0,6.0,HAORA,3074144.0,669902.0,76.41,814595.0,4.59,73125,85312,255936,511872
Perungudi,3.0,3.0,0.0,6.0,PERUNGUDI,0.0,,0.0,,,0,0,0,0
Karnal,3.0,1.0,2.0,6.0,KARNAL,454810.0,93490.0,72.59,115523.0,4.86,9695,16966,33932,22621
Injambakkam,3.0,3.0,0.0,6.0,INJAMBAKKAM,0.0,,0.0,,,0,0,0,0
George Town,4.0,2.0,0.0,6.0,GEORGE TOWN,0.0,,0.0,,,0,0,0,0
Guduvancheri,4.0,2.0,0.0,6.0,GUDUVANCHERI,0.0,,0.0,,,0,0,0,0
Ambala,2.0,2.0,2.0,6.0,AMBALA,500774.0,106632.0,78.16,140200.0,4.7,11906,27781,27781,27781
Muzaffarpur,5.0,1.0,0.0,6.0,MUZAFFARPUR,473437.0,88570.0,69.45,94569.0,5.35,8787,10252,30756,61512
Vadodra,0.0,0.0,6.0,6.0,VADODRA,0.0,,0.0,,,0,0,0,0
Vepagunta,4.0,2.0,0.0,6.0,VEPAGUNTA,0.0,,0.0,,,0,0,0,0
Kozhikode,1.0,5.0,0.0,6.0,KOZHIKODE,2072572.0,462007.0,85.21,492507.0,4.49,56239,196838,65613,393676
Moradabad,4.0,2.0,0.0,6.0,MORADABAD,1573623.0,273407.0,54.44,319387.0,5.76,21263,29769,49614,148843
Karimnagar,1.0,2.0,3.0,6.0,KARIMNAGAR,951225.0,232601.0,70.28,242904.0,4.09,23353,81736,54491,40868
Jhansi,4.0,2.0,0.0,6.0,JHANSI,833484.0,151936.0,72.17,168797.0,5.49,15665,21930,36551,109652
Madipakkam,2.0,3.0,0.0,5.0,MADIPAKKAM,0.0,,0.0,,,0,0,0,0
Palakkad,0.0,2.0,3.0,5.0,PALAKKAD,676810.0,154935.0,82.83,178629.0,4.37,21389,128333,42778,32083
Hubli,3.0,2.0,0.0,5.0,HUBLI,0.0,,0.0,,,0,0,0,0
Gwalior,2.0,3.0,0.0,5.0,GWALIOR,1273792.0,239351.0,73.63,320765.0,5.32,29372,58745,44059,176234
Mangalore,3.0,2.0,0.0,5.0,MANGALORE,0.0,,0.0,,,0,0,0,0
Vellore,1.0,2.0,2.0,5.0,VELLORE,1701987.0,392575.0,75.85,484116.0,4.34,49628,148884,99256,99256
Visakhapatnam,2.0,3.0,0.0,5.0,VISAKHAPATNAM,2035922.0,517625.0,73.48,573989.0,3.93,63392,126784,95088,380351
Kolhapur,3.0,2.0,0.0,5.0,KOLHAPUR,1230009.0,271721.0,79.02,363664.0,4.53,35786,53678,71571,214714
Jodhpur,4.0,1.0,0.0,5.0,JODHPUR,1264614.0,234790.0,69.05,331632.0,5.39,27020,32424,81061,162122
Ajmer,3.0,2.0,0.0,5.0,AJMER,1035410.0,201088.0,73.56,284427.0,5.15,24653,36980,49307,147920
Rajahmundry,3.0,2.0,0.0,5.0,RAJAHMUNDRY,0.0,,0.0,,,0,0,0,0
Ramnagar,3.0,2.0,0.0,5.0,RAMNAGAR,0.0,,0.0,,,0,0,0,0
Puducherry,1.0,2.0,2.0,5.0,PUDUCHERRY,657209.0,162016.0,79.56,212397.0,4.06,21483,64450,42967,42967
Nellore,2.0,2.0,0.0,4.0,NELLORE,0.0,,0.0,,,0,0,0,0
Hisar,3.0,0.0,1.0,4.0,HISAR,553488.0,109957.0,72.18,135721.0,5.03,15873,19842,79367,39683
Haldwani,4.0,0.0,0.0,4.0,HALDWANI,0.0,,0.0,,,0,0,0,0
Garui,3.0,1.0,0.0,4.0,GARUI,0.0,,0.0,,,0,0,0,0
Khagaul,3.0,1.0,0.0,4.0,KHAGAUL,0.0,,0.0,,,0,0,0,0
Alandur,3.0,1.0,0.0,4.0,ALANDUR,0.0,,0.0,,,0,0,0,0
Utran,2.0,2.0,0.0,4.0,UTRAN,0.0,,0.0,,,0,0,0,0
Ujjain,2.0,2.0,0.0,4.0,UJJAIN,779213.0,152488.0,73.1,212037.0,5.11,22294,37156,37156,111469
Morar,3.0,1.0,0.0,4.0,MORAR,0.0,,0.0,,,0,0,0,0
Nelamangala,2.0,2.0,0.0,4.0,NELAMANGALA,0.0,,0.0,,,0,0,0,0
Balapur,3.0,1.0,0.0,4.0,BALAPUR,0.0,,0.0,,,0,0,0,0
Kakinada,2.0,2.0,0.0,4.0,KAKINADA,0.0,,0.0,,,0,0,0,0
Durg,3.0,1.0,0.0,4.0,DURG,1284765.0,277413.0,75.75,367139.0,4.63,42028,52535,105070,210140
Tirupati,2.0,2.0,0.0,4.0,TIRUPATI,0.0,,0.0,,,0,0,0,0
Clement Town,3.0,1.0,0.0,4.0,CLEMENT TOWN,0.0,,0.0,,,0,0,0,0
Tiruchirappalli,1.0,3.0,0.0,4.0,TIRUCHIRAPPALLI,1338033.0,341160.0,81.37,394654.0,3.92,55520,138801,69400,277602
Chinnasekkadu,2.0,2.0,0.0,4.0,CHINNASEKKADU,0.0,,0.0,,,0,0,0,0
Saharanpur,2.0,1.0,1.0,4.0,SAHARANPUR,1066526.0,189458.0,64.42,239711.0,5.63,24410,40683,61024,61024
Cuttack,2.0,2.0,0.0,4.0,CUTTACK,736047.0,149716.0,81.99,198738.0,4.92,24550,40917,40917,122752
Thanesar,2.0,2.0,0.0,4.0,THANESAR,0.0,,0.0,,,0,0,0,0
Amarnath,3.0,1.0,0.0,4.0,AMARNATH,0.0,,0.0,,,0,0,0,0
Bhimunipatnam,2.0,2.0,0.0,4.0,BHIMUNIPATNAM,0.0,,0.0,,,0,0,0,0
Amravati,2.0,2.0,0.0,4.0,AMRAVATI,1037287.0,217169.0,82.06,233020.0,4.78,35642,59403,59403,178209
Bhagalpur,4.0,0.0,0.0,4.0,BHAGALPUR,602532.0,106303.0,64.62,104946.0,5.67,13739,13739,68693,68693
Durgapur,3.0,1.0,0.0,4.0,DURGAPUR,0.0,,0.0,,,0,0,0,0
Dasna,2.0,2.0,0.0,4.0,DASNA,0.0,,0.0,,,0,0,0,0
Belgaum,2.0,2.0,0.0,4.0,BELGAUM,1211195.0,264621.0,75.73,315875.0,4.58,40079,66799,66799,200397
Vapi,2.0,2.0,0.0,4.0,VAPI,0.0,,0.0,,,0,0,0,0
Mapuca,2.0,2.0,0.0,4.0,MAPUCA,0.0,,0.0,,,0,0,0,0
Vandalur,2.0,2.0,0.0,4.0,VANDALUR,0.0,,0.0,,,0,0,0,0
Mathura,3.0,1.0,0.0,4.0,MATHURA,755993.0,130244.0,64.3,154169.0,5.8,16749,20937,41873,83747
Alandi,1.0,2.0,0.0,3.0,ALANDI,0.0,,0.0,,,0,0,0,0
Uran,2.0,1.0,0.0,3.0,URAN,0.0,,0.0,,,0,0,0,0
Mandideep,3.0,0.0,0.0,3.0,MANDIDEEP,0.0,,0.0,,,0,0,0,0
Kichha,2.0,1.0,0.0,3.0,KICHHA,0.0,,0.0,,,0,0,0,0
Kollam,0.0,3.0,0.0,3.0,KOLLAM,1187158.0,292696.0,84.82,299479.0,4.06,62066,248265,62066,248265
Manappakkam,2.0,1.0,0.0,3.0,MANAPPAKKAM,0.0,,0.0,,,0,0,0,0
Khammam,1.0,2.0,0.0,3.0,KHAMMAM,655911.0,171064.0,73.29,174299.0,3.83,31343,62686,41791,125373
Madhyamgram,2.0,1.0,0.0,3.0,MADHYAMGRAM,0.0,,0.0,,,0,0,0,0
Jhusi,3.0,0.0,0.0,3.0,JHUSI,0.0,,0.0,,,0,0,0,0
Bambolim,1.0,2.0,0.0,3.0,BAMBOLIM,0.0,,0.0,,,0,0,0,0
Badlapur,2.0,1.0,0.0,3.0,BADLAPUR,0.0,,0.0,,,0,0,0,0
Kanke,3.0,0.0,0.0,3.0,KANKE,0.0,,0.0,,,0,0,0,0
Kottayam,1.0,2.0,0.0,3.0,KOTTAYAM,565393.0,140397.0,88.97,157350.0,4.03,31228,62456,41637,124911
Hubballi,0.0,0.0,3.0,3.0,HUBBALLI,0.0,,0.0,,,0,0,0,0
Bara Bazar,3.0,0.0,0.0,3.0,BARA BAZAR,0.0,,0.0,,,0,0,0,0
Nanded,2.0,1.0,0.0,3.0,NANDED,913898.0,171093.0,72.23,209927.0,5.34,30895,41193,61790,123580
Ongole,1.0,2.0,0.0,3.0,ONGOLE,0.0,,0.0,,,0,0,0,0
Gaya,3.0,0.0,0.0,3.0,GAYA,581601.0,89642.0,69.07,103750.0,6.49,15479,15479,61916,61916
Baranagar,2.0,1.0,0.0,3.0,BARANAGAR,0.0,,0.0,,,0,0,0,0
Ganganagar,1.0,2.0,0.0,3.0,GANGANAGAR,535432.0,108585.0,69.47,150935.0,4.93,18858,37717,25145,75434
Baruipur,2.0,1.0,0.0,3.0,BARUIPUR,0.0,,0.0,,,0,0,0,0
Roorkee,2.0,1.0,0.0,3.0,ROORKEE,0.0,,0.0,,,0,0,0,0
Rewari,2.0,0.0,1.0,3.0,REWARI,233430.0,47744.0,73.9,61479.0,4.89,8821,11761,35283,17641
Dhanbad,3.0,0.0,0.0,3.0,DHANBAD,1560394.0,296040.0,68.76,335466.0,5.27,50889,50889,203557,203557
Dharuhera,3.0,0.0,0.0,3.0,DHARUHERA,0.0,,0.0,,,0,0,0,0
Anand,2.0,1.0,0.0,3.0,ANAND,634987.0,129947.0,78.45,153947.0,4.89,25486,33981,50972,101943
Dehu,2.0,1.0,0.0,3.0,DEHU,0.0,,0.0,,,0,0,0,0
Daurala,2.0,1.0,0.0,3.0,DAURALA,0.0,,0.0,,,0,0,0,0
Dayal Bagh,3.0,0.0,0.0,3.0,DAYAL BAGH,0.0,,0.0,,,0,0,0,0
Bhatinda,2.0,1.0,0.0,3.0,BHATINDA,0.0,,0.0,,,0,0,0,0
Chakapara,3.0,0.0,0.0,3.0,CHAKAPARA,0.0,,0.0,,,0,0,0,0
Solapur,3.0,0.0,0.0,3.0,SOLAPUR,1399091.0,279607.0,73.47,389890.0,5.0,51357,51357,205427,205427
Bikaner,2.0,1.0,0.0,3.0,BIKANER,800384.0,139973.0,67.42,205384.0,5.72,23592,31457,47185,94370
Chatrapati Sambhaji Nagar,0.0,0.0,3.0,3.0,CHATRAPATI SAMBHAJI NAGAR,0.0,,0.0,,,0,0,0,0
Dadri,2.0,1.0,0.0,3.0,DADRI,0.0,,0.0,,,0,0,0,0
Salem,1.0,2.0,0.0,3.0,SALEM,1774122.0,463944.0,71.97,522176.0,3.82,83475,166950,111300,333900
Ahmadnagar,2.0,1.0,0.0,3.0,AHMADNAGAR,912617.0,190941.0,77.44,242987.0,4.78,36966,49288,73932,147865
Erode,1.0,2.0,0.0,3.0,ERODE,1157976.0,334569.0,72.33,377266.0,3.46,60498,120997,80665,241994
Alampur,1.0,2.0,0.0,3.0,ALAMPUR,0.0,,0.0,,,0,0,0,0
Anantapur,1.0,2.0,0.0,3.0,ANANTAPUR,1145711.0,267794.0,66.73,307544.0,4.28,44675,89349,59566,178699
Bilaspur,2.0,1.0,0.0,3.0,BILASPUR,25129.0,5773.0,82.79,7749.0,4.35,1195,1593,2390,4779
Bilaspur,2.0,1.0,0.0,3.0,BILASPUR,679870.0,144187.0,73.7,187563.0,4.72,26566,35422,53133,106266
Vizianagaram,1.0,1.0,0.0,2.0,VIZIANAGARAM,490911.0,123623.0,70.59,137267.0,3.97,29088,43633,43633,87265
Vrindavan,2.0,0.0,0.0,2.0,VRINDAVAN,0.0,,0.0,,,0,0,0,0
Bhiwani,2.0,0.0,0.0,2.0,BHIWANI,321322.0,63244.0,71.49,68555.0,5.08,15071,15071,45213,45213
Tiruvottiyur,0.0,2.0,0.0,2.0,TIRUVOTTIYUR,0.0,,0.0,,,0,0,0,0
Bhavnagar,2.0,0.0,0.0,2.0,BHAVNAGAR,1182401.0,236235.0,72.51,348382.0,5.01,57098,57098,171294,171294
Bhimavaram,1.0,1.0,0.0,2.0,BHIMAVARAM,0.0,,0.0,,,0,0,0,0
Asansol,2.0,0.0,0.0,2.0,ASANSOL,0.0,,0.0,,,0,0,0,0
Akkarampalle,1.0,1.0,0.0,2.0,AKKARAMPALLE,0.0,,0.0,,,0,0,0,0
Ankleshwar,2.0,0.0,0.0,2.0,ANKLESHWAR,0.0,,0.0,,,0,0,0,0
Arukutti,0.0,2.0,0.0,2.0,ARUKUTTI,0.0,,0.0,,,0,0,0,0
Bhuj,2.0,0.0,0.0,2.0,BHUJ,0.0,,0.0,,,0,0,0,0
Chicalim,1.0,1.0,0.0,2.0,CHICALIM,0.0,,0.0,,,0,0,0,0
Chas,2.0,0.0,0.0,2.0,CHAS,0.0,,0.0,,,0,0,0,0
Sohna,2.0,0.0,0.0,2.0,SOHNA,0.0,,0.0,,,0,0,0,0
Singanallur,1.0,1.0,0.0,2.0,SINGANALLUR,0.0,,0.0,,,0,0,0,0
Singapperumalkovil,1.0,1.0,0.0,2.0,SINGAPPERUMALKOVIL,0.0,,0.0,,,0,0,0,0
Darbhanga,2.0,0.0,0.0,2.0,DARBHANGA,383328.0,73912.0,64.37,68803.0,5.19,15859,15859,47577,47577
Candolim,1.0,1.0,0.0,2.0,CANDOLIM,0.0,,0.0,,,0,0,0,0
Calangute,1.0,1.0,0.0,2.0,CALANGUTE,0.0,,0.0,,,0,0,0,0
Brahmapur,1.0,1.0,0.0,2.0,BRAHMAPUR,0.0,,0.0,,,0,0,0,0
Eluru,1.0,1.0,0.0,2.0,ELURU,0.0,,0.0,,,0,0,0,0
Farrukhnagar,1.0,1.0,0.0,2.0,FARRUKHNAGAR,0.0,,0.0,,,0,0,0,0
Deolali,1.0,1.0,0.0,2.0,DEOLALI,0.0,,0.0,,,0,0,0,0
Davanagere,0.0,0.0,2.0,2.0,DAVANAGERE,629010.0,134755.0,74.68,166777.0,4.67,33545,100635,100635,33545
Devanhalli,1.0,1.0,0.0,2.0,DEVANHALLI,0.0,,0.0,,,0,0,0,0
Dibrugarh,0.0,2.0,0.0,2.0,DIBRUGARH,243730.0,54453.0,81.63,75454.0,4.48,14817,44450,14817,44450
Saint Thomas Mount,1.0,1.0,0.0,2.0,SAINT THOMAS MOUNT,0.0,,0.0,,,0,0,0,0
Sangli,2.0,0.0,0.0,2.0,SANGLI,719357.0,155950.0,77.07,183979.0,4.61,40064,40064,120191,120191
Serula,1.0,1.0,0.0,2.0,SERULA,0.0,,0.0,,,0,0,0,0
Bharuch,2.0,0.0,0.0,2.0,BHARUCH,524959.0,116185.0,78.64,150559.0,4.52,30456,30456,91368,91368
Benaulim,1.0,1.0,0.0,2.0,BENAULIM,0.0,,0.0,,,0,0,0,0
Belgavi,0.0,0.0,2.0,2.0,BELGAVI,0.0,,0.0,,,0,0,0,0
Sikar,2.0,0.0,0.0,2.0,SIKAR,633906.0,99656.0,64.88,138648.0,6.36,21552,21552,64657,64657
Shyamnagar,2.0,0.0,0.0,2.0,SHYAMNAGAR,0.0,,0.0,,,0,0,0,0
Shimoga,1.0,1.0,0.0,2.0,SHIMOGA,623727.0,147360.0,78.91,180206.0,4.23,38761,58141,58141,116282
Thanjavur,0.0,2.0,0.0,2.0,THANJAVUR,851359.0,214161.0,80.58,214555.0,3.98,57524,172571,57524,172571
Solim,1.0,1.0,0.0,2.0,SOLIM,0.0,,0.0,,,0,0,0,0
Taleigao,1.0,1.0,0.0,2.0,TALEIGAO,0.0,,0.0,,,0,0,0,0
Talegaon Dabhade,1.0,1.0,0.0,2.0,TALEGAON DABHADE,0.0,,0.0,,,0,0,0,0
Tadepalle,1.0,1.0,0.0,2.0,TADEPALLE,0.0,,0.0,,,0,0,0,0
Bishnupur,1.0,1.0,0.0,2.0,BISHNUPUR,87505.0,17343.0,69.45,16865.0,5.05,4015,6022,6022,12045
Bishnah,2.0,0.0,0.0,2.0,BISHNAH,0.0,,0.0,,,0,0,0,0
Tiruppur,0.0,2.0,0.0,2.0,TIRUPPUR,1521111.0,429023.0,75.55,591556.0,3.55,108042,324127,108042,324127
Pinjaur,2.0,0.0,0.0,2.0,PINJAUR,0.0,,0.0,,,0,0,0,0
Panchkula,0.0,0.0,2.0,2.0,PANCHKULA,313230.0,70953.0,77.22,99485.0,4.41,18263,54790,54790,18263
Phagwara,2.0,0.0,0.0,2.0,PHAGWARA,0.0,,0.0,,,0,0,0,0
Perur,1.0,1.0,0.0,2.0,PERUR,0.0,,0.0,,,0,0,0,0
Periyanayakkanpalaiyam,1.0,1.0,0.0,2.0,PERIYANAYAKKANPALAIYAM,0.0,,0.0,,,0,0,0,0
Ghatkesar,2.0,0.0,0.0,2.0,GHATKESAR,0.0,,0.0,,,0,0,0,0
Gandhidham,2.0,0.0,0.0,2.0,GANDHIDHAM,0.0,,0.0,,,0,0,0,0
Gajuwaka,1.0,1.0,0.0,2.0,GAJUWAKA,0.0,,0.0,,,0,0,0,0
Harihar,1.0,1.0,0.0,2.0,HARIHAR,0.0,,0.0,,,0,0,0,0
Jugsalai,1.0,1.0,0.0,2.0,JUGSALAI,0.0,,0.0,,,0,0,0,0
Kamarhati,1.0,1.0,0.0,2.0,KAMARHATI,0.0,,0.0,,,0,0,0,0
Hoshiarpur,2.0,0.0,0.0,2.0,HOSHIARPUR,334969.0,72163.0,78.77,92539.0,4.64,18948,18948,56843,56843
Barakpur,1.0,1.0,0.0,2.0,BARAKPUR,0.0,,0.0,,,0,0,0,0
Irugur,1.0,1.0,0.0,2.0,IRUGUR,0.0,,0.0,,,0,0,0,0
Padra,1.0,1.0,0.0,2.0,PADRA,0.0,,0.0,,,0,0,0,0
Hajipur,2.0,0.0,0.0,2.0,HAJIPUR,0.0,,0.0,,,0,0,0,0
Nizamabad,1.0,1.0,0.0,2.0,NIZAMABAD,588372.0,127696.0,68.36,146939.0,4.61,29098,43646,43646,87293
North Guwahati,2.0,0.0,0.0,2.0,NORTH GUWAHATI,0.0,,0.0,,,0,0,0,0
Patancheru,1.0,1.0,0.0,2.0,PATANCHERU,0.0,,0.0,,,0,0,0,0
Ghandinagar,2.0,0.0,0.0,2.0,GHANDINAGAR,0.0,,0.0,,,0,0,0,0
Goshainganj,1.0,1.0,0.0,2.0,GOSHAINGANJ,0.0,,0.0,,,0,0,0,0
Mangalagiri,1.0,1.0,0.0,2.0,MANGALAGIRI,0.0,,0.0,,,0,0,0,0
Lonavla,1.0,1.0,0.0,2.0,LONAVLA,0.0,,0.0,,,0,0,0,0
Katpadi,1.0,1.0,0.0,2.0,KATPADI,0.0,,0.0,,,0,0,0,0
Manipala,1.0,1.0,0.0,2.0,MANIPALA,0.0,,0.0,,,0,0,0,0
Kurukshetra,0.0,0.0,2.0,2.0,KURUKSHETRA,279225.0,57319.0,74.93,74902.0,4.87,14316,42949,42949,14316
Kanchrapara,1.0,1.0,0.0,2.0,KANCHRAPARA,0.0,,0.0,,,0,0,0,0
Karur,0.0,2.0,0.0,2.0,KARUR,434517.0,118699.0,76.62,140327.0,3.66,30316,90947,30316,90947
Karamsad,1.0,1.0,0.0,2.0,KARAMSAD,0.0,,0.0,,,0,0,0,0
Latur,1.0,1.0,0.0,2.0,LATUR,624980.0,118163.0,72.93,146118.0,5.29,28725,43088,43088,86176
Khardah,2.0,0.0,0.0,2.0,KHARDAH,0.0,,0.0,,,0,0,0,0
Vagator,1.0,1.0,0.0,2.0,VAGATOR,0.0,,0.0,,,0,0,0,0
Yamunanagar,2.0,0.0,0.0,2.0,YAMUNANAGAR,472829.0,98771.0,75.0,129197.0,4.79,24693,24693,74078,74078
Ulhasnagar,1.0,1.0,0.0,2.0,ULHASNAGAR,0.0,,0.0,,,0,0,0,0
Ullal,0.0,2.0,0.0,2.0,ULLAL,0.0,,0.0,,,0,0,0,0
Udipi,1.0,1.0,0.0,2.0,UDIPI,0.0,,0.0,,,0,0,0,0
Tumkur,1.0,1.0,0.0,2.0,TUMKUR,599078.0,142560.0,78.28,174257.0,4.2,37199,55798,55798,111596
Vikasnagar,2.0,0.0,0.0,2.0,VIKASNAGAR,0.0,,0.0,,,0,0,0,0
Vasco Da Gama,1.0,1.0,0.0,2.0,VASCO DA GAMA,0.0,,0.0,,,0,0,0,0
Valsad,1.0,0.0,1.0,2.0,VALSAD,635501.0,147455.0,78.59,212505.0,4.31,38628,57942,115885,57942
Alwar,2.0,0.0,0.0,2.0,ALWAR,654451.0,128203.0,72.5,175325.0,5.1,30982,30982,92947,92947
Alibag,1.0,0.0,0.0,1.0,ALIBAG,0.0,,0.0,,,0,0,0,0
Alleppey,0.0,1.0,0.0,1.0,ALLEPPEY,0.0,,0.0,,,0,0,0,0
Vaghodia,1.0,0.0,0.0,1.0,VAGHODIA,0.0,,0.0,,,0,0,0,0
Tumkuru,0.0,0.0,1.0,1.0,TUMKURU,0.0,,0.0,,,0,0,0,0
Una,1.0,0.0,0.0,1.0,UNA,44913.0,9830.0,77.34,12329.0,4.57,3801,3801,7603,7603
Unnao,1.0,0.0,0.0,1.0,UNNAO,531646.0,97427.0,65.92,95586.0,5.46,32112,32112,64224,64224
Wardha,1.0,0.0,0.0,1.0,WARDHA,423300.0,97353.0,83.72,104388.0,4.35,40752,40752,81504,81504
Kharagpur,1.0,0.0,0.0,1.0,KHARAGPUR,0.0,,0.0,,,0,0,0,0
Kizhake Chalakudi,0.0,1.0,0.0,1.0,KIZHAKE CHALAKUDI,0.0,,0.0,,,0,0,0,0
Konnagar,1.0,0.0,0.0,1.0,KONNAGAR,0.0,,0.0,,,0,0,0,0
Korampallam,0.0,1.0,0.0,1.0,KORAMPALLAM,0.0,,0.0,,,0,0,0,0
Kotdwara,1.0,0.0,0.0,1.0,KOTDWARA,0.0,,0.0,,,0,0,0,0
Krishnapur,1.0,0.0,0.0,1.0,KRISHNAPUR,0.0,,0.0,,,0,0,0,0
Lakhimpur,1.0,0.0,0.0,1.0,LAKHIMPUR,91333.0,21115.0,76.98,26077.0,4.33,8127,8127,16254,16254
Kapurthala,1.0,0.0,0.0,1.0,KAPURTHALA,282462.0,60279.0,76.4,83564.0,4.69,23027,23027,46053,46053
Karaikkudi,0.0,1.0,0.0,1.0,KARAIKKUDI,0.0,,0.0,,,0,0,0,0
Kashipur,1.0,0.0,0.0,1.0,KASHIPUR,0.0,,0.0,,,0,0,0,0
Katihar,1.0,0.0,0.0,1.0,KATIHAR,273822.0,53564.0,65.89,50994.0,5.11,17647,17647,35293,35293
Khamaria,1.0,0.0,0.0,1.0,KHAMARIA,0.0,,0.0,,,0,0,0,0
Khanna,1.0,0.0,0.0,1.0,KHANNA,0.0,,0.0,,,0,0,0,0
Madgaon,0.0,1.0,0.0,1.0,MADGAON,0.0,,0.0,,,0,0,0,0
Madukkarai,0.0,1.0,0.0,1.0,MADUKKARAI,0.0,,0.0,,,0,0,0,0
Mainpuri,1.0,0.0,0.0,1.0,MAINPURI,288442.0,50187.0,68.63,46436.0,5.75,17222,17222,34443,34443
Mandya,1.0,0.0,0.0,1.0,MANDYA,308362.0,73354.0,74.7,90039.0,4.2,27398,27398,54795,54795
Mavoor,0.0,1.0,0.0,1.0,MAVOOR,0.0,,0.0,,,0,0,0,0
Mehsana,0.0,0.0,1.0,1.0,MEHSANA,0.0,,0.0,,,0,0,0,0
Mirzapur,1.0,0.0,0.0,1.0,MIRZAPUR,347567.0,55602.0,65.34,61013.0,6.25,18165,18165,36330,36330
Moga,1.0,0.0,0.0,1.0,MOGA,227246.0,45958.0,70.36,65996.0,4.94,16168,16168,32336,32336
Morbi,1.0,0.0,0.0,1.0,MORBI,0.0,,0.0,,,0,0,0,0
Motihari,1.0,0.0,0.0,1.0,MOTIHARI,0.0,,0.0,,,0,0,0,0
Muradnagar,1.0,0.0,0.0,1.0,MURADNAGAR,0.0,,0.0,,,0,0,0,0
Mussoorie,1.0,0.0,0.0,1.0,MUSSOORIE,0.0,,0.0,,,0,0,0,0
Muvattupula,0.0,1.0,0.0,1.0,MUVATTUPULA,0.0,,0.0,,,0,0,0,0
Muzaffarnagar,1.0,0.0,0.0,1.0,MUZAFFARNAGAR,1191312.0,200893.0,60.6,248323.0,5.93,60871,60871,121741,121741
Avanoor,0.0,1.0,0.0,1.0,AVANOOR,0.0,,0.0,,,0,0,0,0
Jatani,1.0,0.0,0.0,1.0,JATANI,0.0,,0.0,,,0,0,0,0
Jaunpur,1.0,0.0,0.0,1.0,JAUNPUR,346580.0,50269.0,69.43,59831.0,6.89,17451,17451,34902,34902
Jhulasan,1.0,0.0,0.0,1.0,JHULASAN,0.0,,0.0,,,0,0,0,0
Jind,1.0,0.0,0.0,1.0,JIND,305583.0,58861.0,70.37,67915.0,5.19,20710,20710,41420,41420
Jobner,1.0,0.0,0.0,1.0,JOBNER,0.0,,0.0,,,0,0,0,0
Junagadh,1.0,0.0,0.0,1.0,JUNAGADH,906412.0,179624.0,73.33,233735.0,5.05,65859,65859,131718,131718
Kaithal,1.0,0.0,0.0,1.0,KAITHAL,236011.0,46255.0,68.35,51689.0,5.1,15808,15808,31615,31615
Kalundri,0.0,1.0,0.0,1.0,KALUNDRI,0.0,,0.0,,,0,0,0,0
Kanchipuram,0.0,1.0,0.0,1.0,KANCHIPURAM,0.0,,0.0,,,0,0,0,0
Ayodhya,1.0,0.0,0.0,1.0,AYODHYA,0.0,,0.0,,,0,0,0,0
Azamgarh,1.0,0.0,0.0,1.0,AZAMGARH,393401.0,53644.0,66.29,50704.0,7.33,17780,17780,35561,35561
Baddi,1.0,0.0,0.0,1.0,BADDI,0.0,,0.0,,,0,0,0,0
Baidyabati,1.0,0.0,0.0,1.0,BAIDYABATI,0.0,,0.0,,,0,0,0,0
Bali,1.0,0.0,0.0,1.0,BALI,0.0,,0.0,,,0,0,0,0
Bankra,1.0,0.0,0.0,1.0,BANKRA,0.0,,0.0,,,0,0,0,0
Baraut,1.0,0.0,0.0,1.0,BARAUT,0.0,,0.0,,,0,0,0,0
Barddhaman,1.0,0.0,0.0,1.0,BARDDHAMAN,3078299.0,659366.0,73.06,762901.0,4.67,240866,240866,481733,481733
Nabha,1.0,0.0,0.0,1.0,NABHA,0.0,,0.0,,,0,0,0,0
Nadiad,1.0,0.0,0.0,1.0,NADIAD,0.0,,0.0,,,0,0,0,0
Hoshangabad,1.0,0.0,0.0,1.0,HOSHANGABAD,389986.0,81670.0,77.04,100663.0,4.78,31459,31459,62919,62919
Hospet,1.0,0.0,0.0,1.0,HOSPET,0.0,,0.0,,,0,0,0,0
Hugli,1.0,0.0,0.0,1.0,HUGLI,2128499.0,505943.0,79.34,636704.0,4.21,200708,200708,401415,401415
Jalalpur,1.0,0.0,0.0,1.0,JALALPUR,0.0,,0.0,,,0,0,0,0
Jalgaon,1.0,0.0,0.0,1.0,JALGAON,1342711.0,279073.0,75.54,307373.0,4.81,105406,105406,210812,210812
Jamnagar,1.0,0.0,0.0,1.0,JAMNAGAR,971065.0,200638.0,70.11,273545.0,4.84,70334,70334,140667,140667
Jasidih,1.0,0.0,0.0,1.0,JASIDIH,0.0,,0.0,,,0,0,0,0
Nagercoil,0.0,1.0,0.0,1.0,NAGERCOIL,0.0,,0.0,,,0,0,0,0
Naihati,1.0,0.0,0.0,1.0,NAIHATI,0.0,,0.0,,,0,0,0,0
Nandambakkam,1.0,0.0,0.0,1.0,NANDAMBAKKAM,0.0,,0.0,,,0,0,0,0
Naravarikuppam,1.0,0.0,0.0,1.0,NARAVARIKUPPAM,0.0,,0.0,,,0,0,0,0
Niwari,1.0,0.0,0.0,1.0,NIWARI,0.0,,0.0,,,0,0,0,0
Palanpur,1.0,0.0,0.0,1.0,PALANPUR,0.0,,0.0,,,0,0,0,0
Palavakkam,0.0,1.0,0.0,1.0,PALAVAKKAM,0.0,,0.0,,,0,0,0,0
Gulbarga,1.0,0.0,0.0,1.0,GULBARGA,835551.0,158721.0,68.22,201457.0,5.26,54140,54140,108279,108279
HAPUR,0.0,0.0,1.0,1.0,HAPUR,0.0,,0.0,,,0,0,0,0
Hamirpur,1.0,0.0,0.0,1.0,HAMIRPUR,31430.0,7404.0,83.91,8313.0,4.25,3106,3106,6213,6213
Hamirpur,1.0,0.0,0.0,1.0,HAMIRPUR,209848.0,38163.0,67.44,35576.0,5.5,12869,12869,25737,25737
Hapur,1.0,0.0,0.0,1.0,HAPUR,0.0,,0.0,,,0,0,0,0
Hardoi,1.0,0.0,0.0,1.0,HARDOI,541806.0,91815.0,62.39,87790.0,5.9,28642,28642,57283,57283
Hassan,1.0,0.0,0.0,1.0,HASSAN,376763.0,91819.0,79.54,113963.0,4.1,36516,36516,73033,73033
Hazaribag,1.0,0.0,0.0,1.0,HAZARIBAG,0.0,,0.0,,,0,0,0,0
Ghazipur,1.0,0.0,0.0,1.0,GHAZIPUR,274360.0,41569.0,69.18,47226.0,6.6,14379,14379,28757,28757
Giridih,1.0,0.0,0.0,1.0,GIRIDIH,208024.0,35812.0,67.28,43064.0,5.81,12047,12047,24094,24094
Goa Velha,1.0,0.0,0.0,1.0,GOA VELHA,0.0,,0.0,,,0,0,0,0
Gokul,1.0,0.0,0.0,1.0,GOKUL,0.0,,0.0,,,0,0,0,0
Gonda,1.0,0.0,0.0,1.0,GONDA,225029.0,36969.0,67.03,39681.0,6.09,12390,12390,24780,24780
Palghar,1.0,0.0,0.0,1.0,PALGHAR,0.0,,0.0,,,0,0,0,0
Palwal,1.0,0.0,0.0,1.0,PALWAL,236544.0,41461.0,66.72,45149.0,5.71,13831,13831,27663,27663
Panaji,1.0,0.0,0.0,1.0,PANAJI,0.0,,0.0,,,0,0,0,0
Pathankot,1.0,0.0,0.0,1.0,PATHANKOT,0.0,,0.0,,,0,0,0,0
Perumpavur,0.0,1.0,0.0,1.0,PERUMPAVUR,0.0,,0.0,,,0,0,0,0
Pilibhit,1.0,0.0,0.0,1.0,PILIBHIT,351415.0,63547.0,56.78,64049.0,5.53,18041,18041,36082,36082
Ponda,1.0,0.0,0.0,1.0,PONDA,0.0,,0.0,,,0,0,0,0
Puri,1.0,0.0,0.0,1.0,PURI,264930.0,54081.0,79.17,76158.0,4.9,21408,21408,42816,42816
Purnia,1.0,0.0,0.0,1.0,PURNIA,343005.0,66414.0,61.43,56583.0,5.16,20399,20399,40798,40798
Rae Bareli,1.0,0.0,0.0,1.0,RAE BARELI,307995.0,53931.0,70.07,59632.0,5.71,18895,18895,37789,37789
Raichur,1.0,0.0,0.0,1.0,RAICHUR,490348.0,96268.0,65.33,125975.0,5.09,31446,31446,62892,62892
Raiwala,1.0,0.0,0.0,1.0,RAIWALA,0.0,,0.0,,,0,0,0,0
Rajpura,1.0,0.0,0.0,1.0,RAJPURA,0.0,,0.0,,,0,0,0,0
Ramanayyapeta,1.0,0.0,0.0,1.0,RAMANAYYAPETA,0.0,,0.0,,,0,0,0,0
Ramgarh,1.0,0.0,0.0,1.0,RAMGARH,418955.0,80546.0,70.48,89352.0,5.2,28384,28384,56769,56769
Rampur,1.0,0.0,0.0,1.0,RAMPUR,588647.0,103221.0,48.36,114975.0,5.7,24959,24959,49918,49918
Ratlam,1.0,0.0,0.0,1.0,RATLAM,435031.0,84829.0,73.28,108574.0,5.13,31081,31081,62163,62163
Rewa,1.0,0.0,0.0,1.0,REWA,395785.0,75768.0,71.97,78002.0,5.22,27265,27265,54530,54530
Doiwala,1.0,0.0,0.0,1.0,DOIWALA,0.0,,0.0,,,0,0,0,0
Etawah,1.0,0.0,0.0,1.0,ETAWAH,366299.0,63979.0,72.02,66426.0,5.73,23039,23039,46078,46078
Faizabad,1.0,0.0,0.0,1.0,FAIZABAD,340253.0,57664.0,71.0,68868.0,5.9,20471,20471,40941,40941
Faridkot,1.0,0.0,0.0,1.0,FARIDKOT,217051.0,44165.0,69.79,61395.0,4.91,15411,15411,30823,30823
Farrukhabad,1.0,0.0,0.0,1.0,FARRUKHABAD,416185.0,72025.0,63.77,79615.0,5.78,22965,22965,45930,45930
Fatehpur,1.0,0.0,0.0,1.0,FATEHPUR,321993.0,57660.0,66.28,58541.0,5.58,19109,19109,38217,38217
Firozabad,1.0,0.0,0.0,1.0,FIROZABAD,833169.0,139369.0,60.68,169240.0,5.98,42285,42285,84569,84569
Firozpur,1.0,0.0,0.0,1.0,FIROZPUR,552556.0,109027.0,69.98,158697.0,5.07,38149,38149,76297,76297
Davorlim,1.0,0.0,0.0,1.0,DAVORLIM,0.0,,0.0,,,0,0,0,0
Deoria,1.0,0.0,0.0,1.0,DEORIA,316803.0,47696.0,69.7,51242.0,6.64,16622,16622,33244,33244
Dewas,1.0,0.0,0.0,1.0,DEWAS,451759.0,87595.0,71.07,105913.0,5.16,31127,31127,62254,62254
Dharmsala,1.0,0.0,0.0,1.0,DHARMSALA,0.0,,0.0,,,0,0,0,0
Dod Ballapur,1.0,0.0,0.0,1.0,DOD BALLAPUR,0.0,,0.0,,,0,0,0,0
Rishikesh,1.0,0.0,0.0,1.0,RISHIKESH,0.0,,0.0,,,0,0,0,0
Sachin,1.0,0.0,0.0,1.0,SACHIN,0.0,,0.0,,,0,0,0,0
Saligao,1.0,0.0,0.0,1.0,SALIGAO,0.0,,0.0,,,0,0,0,0
Samastipur,1.0,0.0,0.0,1.0,SAMASTIPUR,147797.0,28091.0,69.22,30661.0,5.26,9722,9722,19445,19445
Sangrur,1.0,0.0,0.0,1.0,SANGRUR,515965.0,101006.0,66.52,135107.0,5.11,33595,33595,67189,67189
Sasvad,1.0,0.0,0.0,1.0,SASVAD,0.0,,0.0,,,0,0,0,0
Satara,1.0,0.0,0.0,1.0,SATARA,570378.0,125148.0,79.76,152070.0,4.56,49909,49909,99818,99818
Satna,1.0,0.0,0.0,1.0,SATNA,474418.0,92955.0,72.2,109323.0,5.1,33557,33557,67114,67114
Basti,1.0,0.0,0.0,1.0,BASTI,138097.0,21575.0,72.75,23796.0,6.4,7848,7848,15696,15696
Batala,1.0,0.0,0.0,1.0,BATALA,0.0,,0.0,,,0,0,0,0
Begusarai,1.0,0.0,0.0,1.0,BEGUSARAI,569823.0,107175.0,60.14,83464.0,5.32,32228,32228,64455,64455
Behror,1.0,0.0,0.0,1.0,BEHROR,0.0,,0.0,,,0,0,0,0
Bellary,1.0,0.0,0.0,1.0,BELLARY,920239.0,193860.0,66.54,254201.0,4.75,64497,64497,128994,128994
Bettiah,1.0,0.0,0.0,1.0,BETTIAH,0.0,,0.0,,,0,0,0,0
Bharatpur,1.0,0.0,0.0,1.0,BHARATPUR,495099.0,86725.0,68.16,103835.0,5.71,29556,29556,59112,59112
Dankaur,1.0,0.0,0.0,1.0,DANKAUR,0.0,,0.0,,,0,0,0,0
Shahjahanpur,1.0,0.0,0.0,1.0,SHAHJAHANPUR,594092.0,102444.0,56.24,108478.0,5.8,28807,28807,57615,57615
Shikohabad,1.0,0.0,0.0,1.0,SHIKOHABAD,0.0,,0.0,,,0,0,0,0
Shirdi,1.0,0.0,0.0,1.0,SHIRDI,0.0,,0.0,,,0,0,0,0
Shrirampur,1.0,0.0,0.0,1.0,SHRIRAMPUR,0.0,,0.0,,,0,0,0,0
Silchar,0.0,1.0,0.0,1.0,SILCHAR,0.0,,0.0,,,0,0,0,0
Silvassa,1.0,0.0,0.0,1.0,SILVASSA,0.0,,0.0,,,0,0,0,0
Sirsa,1.0,0.0,0.0,1.0,SIRSA,319248.0,63076.0,69.93,81493.0,5.06,22055,22055,44109,44109
Sitapur,1.0,0.0,0.0,1.0,SITAPUR,530784.0,87109.0,62.4,93946.0,6.09,27178,27178,54356,54356
Sodpur,1.0,0.0,0.0,1.0,SODPUR,0.0,,0.0,,,0,0,0,0
Chandrapur,1.0,0.0,0.0,1.0,CHANDRAPUR,775378.0,180458.0,79.47,200534.0,4.3,71705,71705,143410,143410
Changanacheri,0.0,1.0,0.0,1.0,CHANGANACHERI,0.0,,0.0,,,0,0,0,0
Charkhi Dadri,1.0,0.0,0.0,1.0,CHARKHI DADRI,0.0,,0.0,,,0,0,0,0
Chengannur,0.0,1.0,0.0,1.0,CHENGANNUR,0.0,,0.0,,,0,0,0,0
Chikmagalur,1.0,0.0,0.0,1.0,CHIKMAGALUR,239508.0,57838.0,79.44,72575.0,4.14,22973,22973,45947,45947
Chitradurga,1.0,0.0,0.0,1.0,CHITRADURGA,329533.0,73334.0,76.77,95567.0,4.49,28149,28149,56299,56299
Solan,1.0,0.0,0.0,1.0,SOLAN,102147.0,25915.0,80.77,41338.0,3.94,10466,10466,20932,20932
Sriramnagar,1.0,0.0,0.0,1.0,SRIRAMNAGAR,0.0,,0.0,,,0,0,0,0
Sundarnagar,1.0,0.0,0.0,1.0,SUNDARNAGAR,0.0,,0.0,,,0,0,0,0
Tirunelveli,0.0,1.0,0.0,1.0,TIRUNELVELI,1520229.0,396471.0,77.18,388540.0,3.83,152998,305996,152998,305996
Tirupparangunram,0.0,1.0,0.0,1.0,TIRUPPARANGUNRAM,0.0,,0.0,,,0,0,0,0
Tiruvallur,0.0,1.0,0.0,1.0,TIRUVALLUR,0.0,,0.0,,,0,0,0,0
Bihar Sharif,1.0,0.0,0.0,1.0,BIHAR SHARIF,0.0,,0.0,,,0,0,0,0
Bijapur,1.0,0.0,0.0,1.0,BIJAPUR,29600.0,6468.0,63.76,6571.0,4.58,2062,2062,4124,4124
Bijapur,1.0,0.0,0.0,1.0,BIJAPUR,501978.0,99055.0,70.55,115769.0,5.07,34942,34942,69883,69883
Bijnor,1.0,0.0,0.0,1.0,BIJNOR,925312.0,154200.0,58.27,176364.0,6.0,44926,44926,89852,89852
Birbhaddar,1.0,0.0,0.0,1.0,BIRBHADDAR,0.0,,0.0,,,0,0,0,0
Bolpur,1.0,0.0,0.0,1.0,BOLPUR,0.0,,0.0,,,0,0,0,0
Cannanore,0.0,1.0,0.0,1.0,CANNANORE,0.0,,0.0,,,0,0,0,0
Chakan,1.0,0.0,0.0,1.0,CHAKAN,0.0,,0.0,,,0,0,0,0
Champahati,1.0,0.0,0.0,1.0,CHAMPAHATI,0.0,,0.0,,,0,0,0,0
Visnagar,1.0,0.0,0.0,1.0,VISNAGAR,0.0,,0.0,,,0,0,0,0
Bhatpara,1.0,0.0,0.0,1.0,BHATPARA,0.0,,0.0,,,0,0,0,0
Bhilai,1.0,0.0,0.0,1.0,BHILAI,0.0,,0.0,,,0,0,0,0
Bhilwara,1.0,0.0,0.0,1.0,BHILWARA,512654.0,104060.0,70.06,141732.0,4.93,36452,36452,72904,72904
Bhiwadi,0.0,0.0,1.0,1.0,BHIWADI,0.0,,0.0,,,0,0,0,0
Bhiwandi,1.0,0.0,0.0,1.0,BHIWANDI,0.0,,0.0,,,0,0,0,0
Bidar,1.0,0.0,0.0,1.0,BIDAR,425952.0,79958.0,71.13,99075.0,5.33,28437,28437,56874,56874
Titagarh,1.0,0.0,0.0,1.0,TITAGARH,0.0,,0.0,,,0,0,0,0
Amloh,1.0,0.0,0.0,1.0,AMLOH,0.0,,0.0,,,0,0,0,0
Amroha,1.0,0.0,0.0,1.0,AMROHA,0.0,,0.0,,,0,0,0,0
Amroli,1.0,0.0,0.0,1.0,AMROLI,0.0,,0.0,,,0,0,0,0
Angamali,0.0,1.0,0.0,1.0,ANGAMALI,0.0,,0.0,,,0,0,0,0
Attingal,0.0,1.0,0.0,1.0,ATTINGAL,0.0,,0.0,,,0,0,0,0
Akola,1.0,0.0,0.0,1.0,AKOLA,719741.0,145530.0,80.85,176667.0,4.95,58831,58831,117661,117661
Yavatmal,1.0,0.0,0.0,1.0,YAVATMAL,598153.0,131384.0,81.34,145557.0,4.55,53434,53434,106868,106868
