"company","segment_label","orders","pct_of_company","avg_order_value","avg_rating","discount_rate_pct","avg_distance_km"
"Blinkit","Price-Sensitive",50369,40.15,762.53,3.55,99.96,7.77
"Blinkit","Loyal Customers",40443,32.23,497.02,3.56,0.00,10.79
"Blinkit","At-Risk",34652,27.62,521.91,3.55,0.00,4.17
"Swiggy Instamart","Price-Sensitive",49686,39.71,808.58,3.29,99.96,7.75
"Swiggy Instamart","Loyal Customers",42744,34.16,528.05,3.29,0.00,10.62
"Swiggy Instamart","At-Risk",32689,26.13,553.59,3.26,0.00,4.01
"Zepto","Price-Sensitive",50291,40.21,743.13,3.20,99.95,7.73
"Zepto","At-Risk",47950,38.34,505.37,3.19,0.00,5.33
"Zepto","Loyal Customers",26822,21.45,475.25,3.23,0.00,12.06
