order_value_bucket,platform,total_orders,avg_order_freq,refund_rate_pct,satisfaction_pct,at_risk_pct,avg_rating
Low,Blinkit,14844,9.145,45.9,46.2,45.9,3.227
Low,JioMart,14636,9.164,46.1,46.3,46.1,3.237
Low,Swiggy Instamart,14818,9.141,45.9,46.5,45.9,3.24
Medium,Blinkit,7644,12.459,46.3,46.5,46.3,3.24
Medium,JioMart,7667,12.458,45.7,46.4,45.7,3.246
Medium,Swiggy Instamart,7574,12.455,45.8,46.7,45.8,3.243
High,Blinkit,10936,15.875,45.7,46.3,45.7,3.239
High,JioMart,10824,15.853,45.6,47.1,45.6,3.255
High,Swiggy Instamart,11057,15.847,45.3,46.5,45.3,3.249
